{"train/loss": 0.226, "train/grad_norm": 1.3313543796539307, "train/learning_rate": 9.868119266055046e-05, "train/epoch": 0.04179146061154838, "train/global_step": 75, "_timestamp": 1715363728.1208165, "_runtime": 1005.8171284198761, "_step": 2}