{"train/loss": 1.625, "train/grad_norm": 23.40912628173828, "train/learning_rate": 5e-05, "train/epoch": 0.013930486870516125, "train/global_step": 25, "_timestamp": 1715348507.5186737, "_runtime": 404.6045665740967, "_step": 0}